,City,count,mean,std,min,25%,50%,75%,max,School
0,Brampton,50.0,6.354000000000001,1.2969682072480593,3.0,5.7,6.45,7.2,9.6,Elementary
1,Mississauga,92.0,6.8065217391304325,1.3769535052303594,2.6,5.9,7.0,7.6,9.5,Elementary
2,Oakville,44.0,7.522727272727274,1.0868909438807848,3.7,6.975,7.65,8.2,9.2,Elementary
3,Burlington,42.0,6.678571428571429,1.2732780269045365,3.7,6.0,6.7,7.7,8.8,Elementary
