,City,count,mean,std,min,25%,50%,75%,max,School
0,Brampton,16.0,5.9312499999999995,1.9248268320379716,0.0,5.35,6.35,7.025,8.1,Highschool
