,City,count,mean,std,min,25%,50%,75%,max,School
0,Brampton,50.0,6.354000000000001,1.2969682072480593,3.0,5.7,6.45,7.2,9.6,Elementary
