,City,count,mean,std,min,25%,50%,75%,max,School
0,Burlington,7.0,7.000000000000001,0.5033222956847166,6.2,6.75,7.1,7.25,7.7,Highschool
