,City,count,mean,std,min,25%,50%,75%,max,School
0,Burlington,42.0,6.678571428571429,1.2732780269045365,3.7,6.0,6.7,7.7,8.8,Elementary
