,City,count,mean,std,min,25%,50%,75%,max,School
0,Mississauga,18.0,6.499999999999999,2.0155279559401973,0.0,6.174999999999999,7.1,7.5,8.8,Highschool
