,City,count,mean,std,min,25%,50%,75%,max,School
0,Mississauga,92.0,6.8065217391304325,1.3769535052303594,2.6,5.9,7.0,7.6,9.5,Elementary
