,City,count,mean,std,min,25%,50%,75%,max,School
0,Oakville,7.0,8.342857142857143,0.5826867164470196,7.6,7.9,8.4,8.7,9.2,Highschool
