,City,count,mean,std,min,25%,50%,75%,max,School
0,Oakville,44.0,7.522727272727274,1.0868909438807848,3.7,6.975,7.65,8.2,9.2,Elementary
